<rss xmlns:media="http://search.yahoo.com/mrss/" version="2.0">
	<channel>
		<title>IU</title>
		<link>http://news.iu.edu/rss</link>
		<language>en-us</language>
		<copyright>Copyright 2018 Indiana University</copyright>
		<pubDate>2018-02-22 00:00:00 EST</pubDate>
		<lastBuildDate>2018-03-07 14:59:58 EST</lastBuildDate>
		<item>
			<title>
				<![CDATA[
A few minutes with: ACRL Academic/Research Librarian of the Year David Lewis
]]>
			</title>
			<link>
http://news.iu.edu/stories/2018/03/iupui/inside/07-david-lewis-librarian-of-the-year-QA.html
			</link>
			<pubDate>Wed, 7 Mar 2018 00:00:00 EST</pubDate>
			<description>
				<![CDATA[
Lewis' work has helped maintain University Library's status as one of the best in higher education.
]]>
			</description>
			<image>
https://www.iu.edu/~images/dams/168x168/vbgh0nfpso.jpg
			</image>
			<media:credit role="publishing company">Indiana University</media:credit>
		</item>
		<item>
			<title>
				<![CDATA[
New Ostrom Workshop program focuses on institutions and organizations
]]>
			</title>
			<link>
http://news.iu.edu/stories/2018/03/iub/07-new-ostrom-workshop-program.html
			</link>
			<pubDate>Wed, 7 Mar 2018 00:00:00 EST</pubDate>
			<description>
				<![CDATA[
A new research program at the Ostrom Workshop is up and running, and its first gathering of researchers will take place this month.
]]>
			</description>
			<image>
https://www.iu.edu/~images/dams/168x168/9whkb6yfnn.jpg
			</image>
			<media:credit role="publishing company">Indiana University</media:credit>
		</item>
		<item>
			<title>
				<![CDATA[
Head of Mexico Business Forum to present O'Meara International Lecture at Indiana University
]]>
			</title>
			<link>
http://news.iu.edu/stories/2018/03/iub/releases/07-mexico-business-forum-international-lecture.html
			</link>
			<pubDate>Wed, 7 Mar 2018 00:00:00 EST</pubDate>
			<description>
				<![CDATA[
He will speak on "Toward a Prosperous North American Partnership: Issues and Challenges" on the IU Bloomington campus.
]]>
			</description>
			<image>
https://www.iu.edu/~images/dams/168x168/arlc6grcp2.jpg
			</image>
			<media:credit role="publishing company">Indiana University</media:credit>
		</item>
		<item>
			<title>
				<![CDATA[
Jagathon breaks $500,000 for first time in event history
]]>
			</title>
			<link>
http://news.iu.edu/stories/2018/03/iupui/releases/07-jagathon-breaks-500-for-first-time.html
			</link>
			<pubDate>Wed, 7 Mar 2018 00:00:00 EST</pubDate>
			<description>
				<![CDATA[
Jagathon, IUPUI's dance marathon, raised a record $501,371.24, benefiting pediatric cancer research at Riley Hospital for Children.
]]>
			</description>
			<image>
https://www.iu.edu/~images/dams/168x168/wkhygkywyy.jpg
			</image>
			<media:credit role="publishing company">Indiana University</media:credit>
		</item>
		<item>
			<title>
				<![CDATA[
From the Desk: IU Bloomington provost details new programs in recent State of the Campus address
]]>
			</title>
			<link>
http://news.iu.edu/stories/2018/03/iu/inside/07-from-the-desk.html
			</link>
			<pubDate>Wed, 7 Mar 2018 00:00:00 EST</pubDate>
			<description>
				<![CDATA[
In her annual speech, Lauren Robel discussed the recent launch of both the Center for Rural Engagement and IU Corps.
]]>
			</description>
			<image>
https://www.iu.edu/~images/dams/168x168/2m4dwb0r1h.jpg
			</image>
			<media:credit role="publishing company">Indiana University</media:credit>
		</item>
		<item>
			<title>
				<![CDATA[
Salman Rushdie to receive honorary degree from Indiana University
]]>
			</title>
			<link>
http://news.iu.edu/stories/2018/03/iub/releases/07-salman-rushdie-to-receive-honorary-degree.html
			</link>
			<pubDate>Wed, 7 Mar 2018 00:00:00 EST</pubDate>
			<description>
				<![CDATA[
The critically acclaimed author will also deliver a lecture and meet with students as part of the semesterlong "India Remixed" festival.
]]>
			</description>
			<image>
https://www.iu.edu/~images/dams/168x168/t5q5w9mp9t.jpg
			</image>
			<media:credit role="publishing company">Indiana University</media:credit>
		</item>
		<item>
			<title>
				<![CDATA[
New imaging technique by IU researchers could improve the diagnosis, treatment of glaucoma
]]>
			</title>
			<link>
http://news.iu.edu/stories/2018/03/iub/releases/06-new-imaging-technique-to-improve-diagnosis-treatment-of-glaucoma.html
			</link>
			<pubDate>Tue, 6 Mar 2018 00:00:00 EST</pubDate>
			<description>
				<![CDATA[
IU researcher Donald Miller and his associates have created a noninvasive method to visualize and count cells at the back of the eye.
]]>
			</description>
			<image>
https://www.iu.edu/~images/dams/168x168/big0eui4ww.jpg
			</image>
			<media:credit role="publishing company">Indiana University</media:credit>
		</item>
		<item>
			<title>
				<![CDATA[
Two campus leaders focus on service, engagement in new roles
]]>
			</title>
			<link>
http://news.iu.edu/stories/2018/03/iub/inside/06-campus-leaders-focus-on-service-engagement.html
			</link>
			<pubDate>Tue, 6 Mar 2018 00:00:00 EST</pubDate>
			<description>
				<![CDATA[
Meet the leaders of two new initiatives at IU Bloomington focused on strengthening the university's community engagement.
]]>
			</description>
			<image>
https://www.iu.edu/~images/dams/168x168/s4bj9egoea.jpg
			</image>
			<media:credit role="publishing company">Indiana University</media:credit>
		</item>
		<item>
			<title>
				<![CDATA[ Around IU Bloomington ]]>
			</title>
			<link>
http://news.iu.edu/stories/2018/03/iub/inside/06-news-roundup.html
			</link>
			<pubDate>Tue, 6 Mar 2018 00:00:00 EST</pubDate>
			<description>
				<![CDATA[
Read about IU athletes reading at local schools, the Center for Rural Engagement launch, a funk music pioneer's visit to campus and more.
]]>
			</description>
			<image>
https://www.iu.edu/~images/dams/168x168/xdhpuyfzca.jpg
			</image>
			<media:credit role="publishing company">Indiana University</media:credit>
		</item>
		<item>
			<title>
				<![CDATA[
IU athletes read to local students on Dr. Seuss Day
]]>
			</title>
			<link>
http://news.iu.edu/stories/2018/03/iub/inside/06-iu-athletes-read-to-local-students.html
			</link>
			<pubDate>Tue, 6 Mar 2018 00:00:00 EST</pubDate>
			<description>
				<![CDATA[
IU men's soccer players recently spent time at Arlington Elementary School reading to students for Dr. Seuss Day.
]]>
			</description>
			<image>
https://www.iu.edu/~images/dams/168x168/ulg4mq8yxk.jpg
			</image>
			<media:credit role="publishing company">Indiana University</media:credit>
		</item>
		<item>
			<title>
				<![CDATA[
IU Bloomington Center for Rural Engagement receives $10 million grant from Lilly Endowment Inc.
]]>
			</title>
			<link>
http://news.iu.edu/stories/2018/03/iub/releases/05-bloomington-center-for-rural-engagement.html
			</link>
			<pubDate>Mon, 5 Mar 2018 00:00:00 EST</pubDate>
			<description>
				<![CDATA[
IU Bloomington is strengthening partnerships in surrounding regions with the launch of the Center for Rural Engagement.
]]>
			</description>
			<image>
https://www.iu.edu/~images/dams/168x168/ze6qgetiuo.jpg
			</image>
			<media:credit role="publishing company">Indiana University</media:credit>
		</item>
		<item>
			<title>
				<![CDATA[
IU First Thursdays celebrates Holi in honor of 'India Remixed'
]]>
			</title>
			<link>
http://news.iu.edu/stories/2018/03/iub/inside/05-first-thursdays-celebrates-holi.html
			</link>
			<pubDate>Mon, 5 Mar 2018 00:00:00 EST</pubDate>
			<description>
				<![CDATA[
The IU Arts and Humanities Council recognized Holi, a Hindu festival celebrating spring, at its inaugural First Thursdays Festival of 2018.
]]>
			</description>
			<image>
https://www.iu.edu/~images/dams/168x168/qfegybuego.jpg
			</image>
			<media:credit role="publishing company">Indiana University</media:credit>
		</item>
		<item>
			<title>
				<![CDATA[
IU Bloomington assistant professors to receive Outstanding Junior Faculty Award
]]>
			</title>
			<link>
http://news.iu.edu/stories/2018/03/iub/inside/05-assistant-professors-receive-outstanding-junior-faculty-award.html
			</link>
			<pubDate>Mon, 5 Mar 2018 00:00:00 EST</pubDate>
			<description>
				<![CDATA[
Five assistant professors will receive the award that identifies promising tenure-track faculty and helps further develop their activities.
]]>
			</description>
			<image>
https://www.iu.edu/~images/dams/168x168/lsylpzuq5w.jpg
			</image>
			<media:credit role="publishing company">Indiana University</media:credit>
		</item>
		<item>
			<title>
				<![CDATA[
Tamara Davis named dean of the IU School of Social Work at IUPUI
]]>
			</title>
			<link>
http://news.iu.edu/stories/2018/03/iupui/releases/05-davis-named-dean-social-work.html
			</link>
			<pubDate>Mon, 5 Mar 2018 00:00:00 EST</pubDate>
			<description>
				<![CDATA[
Davis previously served as associate dean for academic affairs at the Ohio State University College of Social Work.
]]>
			</description>
			<image>
https://www.iu.edu/~images/dams/168x168/lvkwb3pie0.jpg
			</image>
			<media:credit role="publishing company">Indiana University</media:credit>
		</item>
		<item>
			<title>
				<![CDATA[
IU digital systems class helping Hoosier National Forest measure light pollution
]]>
			</title>
			<link>
http://news.iu.edu/stories/2018/03/iub/inside/05-digital-systems-class-helping-hoosier-national-forest.html
			</link>
			<pubDate>Mon, 5 Mar 2018 00:00:00 EST</pubDate>
			<description>
				<![CDATA[
The class is constructing a series of monitors that will be placed throughout the forest.
]]>
			</description>
			<image>
https://www.iu.edu/~images/dams/168x168/rzvbhvvsxk.jpg
			</image>
			<media:credit role="publishing company">Indiana University</media:credit>
		</item>
		<item>
			<title>
				<![CDATA[
IU School of Dentistry dedicates state-of-the-art Fritts Clinical Care Center
]]>
			</title>
			<link>
http://news.iu.edu/stories/2018/03/iu/releases/02-school-of-dentistry-dedicates-fritts-clinical-care-center.html
			</link>
			<pubDate>Fri, 2 Mar 2018 00:00:00 EST</pubDate>
			<description>
				<![CDATA[
The new IU School of Dentistry clinic is a part of plan to ensure Indiana's only dental school is among the best in the world.
]]>
			</description>
			<image>
https://www.iu.edu/~images/dams/168x168/shfxzrg5d1.jpg
			</image>
			<media:credit role="publishing company">Indiana University</media:credit>
		</item>
		<item>
			<title>
				<![CDATA[
WFIU program 'A Moment of Science' celebrates 30th anniversary
]]>
			</title>
			<link>
http://news.iu.edu/stories/2018/03/iub/inside/02-a-moment-of-science-celebrates-30th-anniversary.html
			</link>
			<pubDate>Fri, 2 Mar 2018 00:00:00 EST</pubDate>
			<description>
				<![CDATA[
The popular science program and longtime hosts Don Glass and Yael Ksander commemorate the show's three decades on air.
]]>
			</description>
			<image>
https://www.iu.edu/~images/dams/168x168/u2bm62dvgt.jpg
			</image>
			<media:credit role="publishing company">Indiana University</media:credit>
		</item>
		<item>
			<title>
				<![CDATA[
Jagathon takes its dance show on the road to benefit Riley Hospital for Children
]]>
			</title>
			<link>
http://news.iu.edu/stories/2018/03/iupui/01-jagathon-takes-dance-show-on-road.html
			</link>
			<pubDate>Thu, 1 Mar 2018 00:00:00 EST</pubDate>
			<description>
				<![CDATA[
With its high school mentorship program and partnership with the Office of Admissions, Jagathon is teaching everyone a few new steps.
]]>
			</description>
			<image>
https://www.iu.edu/~images/dams/168x168/tinaisabrn.jpg
			</image>
			<media:credit role="publishing company">Indiana University</media:credit>
		</item>
		<item>
			<title>
				<![CDATA[
IU Bloomington provost to present State of the Campus address
]]>
			</title>
			<link>
http://news.iu.edu/stories/2018/03/iub/releases/01-state-of-the-campus-address.html
			</link>
			<pubDate>Thu, 1 Mar 2018 00:00:00 EST</pubDate>
			<description>
				<![CDATA[
The State of the Campus address will include updates on the Bicentennial Strategic Plan and new and expanding programs on campus.
]]>
			</description>
			<image>
https://www.iu.edu/~images/dams/168x168/mfljoto7fl.jpg
			</image>
			<media:credit role="publishing company">Indiana University</media:credit>
		</item>
		<item>
			<title>
				<![CDATA[ Around IUPUI ]]>
			</title>
			<link>
http://news.iu.edu/stories/2018/03/iupui/inside/01-around-iupui.html
			</link>
			<pubDate>Thu, 1 Mar 2018 08:00:00 EST</pubDate>
			<description>
				<![CDATA[
Learn about faculty being honored for their service, the Top 100 students, Herron's Wearable Art Show, the sports speaker series and more.
]]>
			</description>
			<image>
https://www.iu.edu/~images/dams/168x168/jwddcq6iww.jpg
			</image>
			<media:credit role="publishing company">Indiana University</media:credit>
		</item>
		<item>
			<title>
				<![CDATA[
Stanford professor to give two lectures to continue Diversity Speaker Series
]]>
			</title>
			<link>
http://news.iu.edu/stories/2018/03/iupui/inside/01-stanford-professor-continues-iupui-diversity-speaker-series.html
			</link>
			<pubDate>Thu, 1 Mar 2018 08:00:00 EST</pubDate>
			<description>
				<![CDATA[
Londa Schiebinger's expertise in science, history and gender issues will be showcased in two lectures March 6.
]]>
			</description>
			<image>
https://www.iu.edu/~images/dams/168x168/zjjoy3dulj.jpg
			</image>
			<media:credit role="publishing company">Indiana University</media:credit>
		</item>
		<item>
			<title>
				<![CDATA[ New Fitness Center opens today in Campus Center ]]>
			</title>
			<link>
http://news.iu.edu/stories/2018/03/iupui/inside/01-new-fitness-center-opens-in-campus-center.html
			</link>
			<pubDate>Thu, 1 Mar 2018 08:00:00 EST</pubDate>
			<description>
				<![CDATA[
The long-awaited facility located below Barnes and Noble offers 10,000 square feet of exercise equipment, yoga sessions and spinning classes.
]]>
			</description>
			<image>
https://www.iu.edu/~images/dams/168x168/lkresj6aux.jpg
			</image>
			<media:credit role="publishing company">Indiana University</media:credit>
		</item>
		<item>
			<title>
				<![CDATA[
IUPUC group showcases the ukulele, campus community-building
]]>
			</title>
			<link>
http://news.iu.edu/stories/2018/03/iupui/inside/01-iupuc-group-showcases-the-ukulele.html
			</link>
			<pubDate>Thu, 1 Mar 2018 08:00:00 EST</pubDate>
			<description>
				<![CDATA[
The Ukulele Players have been making beautiful music together in an informal gathering every other week since January.
]]>
			</description>
			<image>
https://www.iu.edu/~images/dams/168x168/qrqvmpfnm3.jpg
			</image>
			<media:credit role="publishing company">Indiana University</media:credit>
		</item>
		<item>
			<title>
				<![CDATA[ IUPUI honors three with Hine Medal ]]>
			</title>
			<link>
http://news.iu.edu/stories/2018/03/iupui/inside/01-hine-medal.html
			</link>
			<pubDate>Thu, 1 Mar 2018 08:00:00 EST</pubDate>
			<description>
				<![CDATA[
The award recognizes alumni for their contributions in support of the campus and its alumni programs.
]]>
			</description>
			<image>
https://www.iu.edu/~images/dams/168x168/lzydimjhwq.jpg
			</image>
			<media:credit role="publishing company">Indiana University</media:credit>
		</item>
		<item>
			<title>
				<![CDATA[
The IUPUI Center for Research and Learning recognizes outstanding students and a faculty mentor
]]>
			</title>
			<link>
http://news.iu.edu/stories/2018/03/iupui/inside/01-center-for-research-and-learning-honors-students-and-faculty.html
			</link>
			<pubDate>Thu, 1 Mar 2018 08:00:00 EST</pubDate>
			<description>
				<![CDATA[
Get the rundown on the award winners and their research from this year's Center for Research and Learning awards luncheon.
]]>
			</description>
			<image>
https://www.iu.edu/~images/dams/168x168/gimlir2vuu.jpg
			</image>
			<media:credit role="publishing company">Indiana University</media:credit>
		</item>
		<item>
			<title>
				<![CDATA[
Polis Center-assisted study shows disaster planning results in sixfold savings
]]>
			</title>
			<link>
http://news.iu.edu/stories/2018/02/iupui/releases/28-polis-center-assisted-study-disaster-planning-results-in-savings.html
			</link>
			<pubDate>Wed, 28 Feb 2018 00:00:00 EST</pubDate>
			<description>
				<![CDATA[
The National Institute of Building Sciences' Natural Hazard Mitigation Saves: 2017 Interim Report showed $6 saved for every $1 spent.
]]>
			</description>
			<image>
https://www.iu.edu/~images/dams/168x168/hvuia5oxpj.jpg
			</image>
			<media:credit role="publishing company">Indiana University</media:credit>
		</item>
		<item>
			<title>
				<![CDATA[ Star Trak: March 2018 ]]>
			</title>
			<link>
http://news.iu.edu/stories/2018/02/iub/releases/28-star-trak.html
			</link>
			<pubDate>Wed, 28 Feb 2018 00:00:00 EST</pubDate>
			<description>
				<![CDATA[
Venus and Mercury will appear so close that they will be in the same binocular field of view in early March. Venus will be much brighter.
]]>
			</description>
			<image>
https://www.iu.edu/~images/dams/168x168/h9q3g4kgis.jpg
			</image>
			<media:credit role="publishing company">Indiana University</media:credit>
		</item>
		<item>
			<title>
				<![CDATA[ Around IU ]]>
			</title>
			<link>
http://news.iu.edu/stories/2018/02/iu/inside/28-news-roundup.html
			</link>
			<pubDate>Wed, 28 Feb 2018 00:00:00 EST</pubDate>
			<description>
				<![CDATA[
Learn about the continuation of a shuttle between two campuses, an emergency app and updates to IU's digital phonebook.
]]>
			</description>
			<image>
https://www.iu.edu/~images/dams/168x168/p2miybowwf.jpg
			</image>
			<media:credit role="publishing company">Indiana University</media:credit>
		</item>
		<item>
			<title>
				<![CDATA[
From the Desk: IU superintendent of public safety discusses engagement, community-oriented policing
]]>
			</title>
			<link>
http://news.iu.edu/stories/2018/02/iu/inside/28-from-the-desk.html
			</link>
			<pubDate>Wed, 28 Feb 2018 00:00:00 EST</pubDate>
			<description>
				<![CDATA[
Regularly enhancing training for IUPD officers means they can continue to provide the services IU's campuses expect.
]]>
			</description>
			<image>
https://www.iu.edu/~images/dams/168x168/6ouvmuzxez.jpg
			</image>
			<media:credit role="publishing company">Indiana University</media:credit>
		</item>
		<item>
			<title>
				<![CDATA[
Pride of Indiana: Thank-you messages to and from IU employees
]]>
			</title>
			<link>
http://news.iu.edu/stories/2018/02/iu/inside/28-pride-of-indiana.html
			</link>
			<pubDate>Wed, 28 Feb 2018 00:00:00 EST</pubDate>
			<description>
				<![CDATA[
Check out thank-you messages from IU employees to IU employees.
]]>
			</description>
			<image>
https://www.iu.edu/~images/dams/168x168/dvltbtapuu.jpg
			</image>
			<media:credit role="publishing company">Indiana University</media:credit>
		</item>
		<item>
			<title>
				<![CDATA[
Part 4: IU experts share tips on the 8 dimensions of wellness
]]>
			</title>
			<link>
http://news.iu.edu/stories/2018/02/iu/inside/28-eight-dimensions-of-wellness.html
			</link>
			<pubDate>Wed, 28 Feb 2018 00:00:00 EST</pubDate>
			<description>
				<![CDATA[
Part 4 in a series on the importance of holistic wellness features tips from IU experts for nurturing spiritual and intellectual health.
]]>
			</description>
			<image>
https://www.iu.edu/~images/dams/168x168/1s9bsyw1a8.jpg
			</image>
			<media:credit role="publishing company">Indiana University</media:credit>
		</item>
		<item>
			<title>
				<![CDATA[
IU Human Resources launches job framework redesign project
]]>
			</title>
			<link>
http://news.iu.edu/stories/2018/02/iu/inside/28-human-resources-job-framework-redesign.html
			</link>
			<pubDate>Wed, 28 Feb 2018 00:00:00 EST</pubDate>
			<description>
				<![CDATA[
The university is redesigning the classification structure for appointed staff, creating a new job framework.
]]>
			</description>
			<image>
https://www.iu.edu/~images/dams/168x168/f3jxpp8uui.jpg
			</image>
			<media:credit role="publishing company">Indiana University</media:credit>
		</item>
		<item>
			<title>
				<![CDATA[
IU's Center for Underwater Science expanding its partnership with NOAA
]]>
			</title>
			<link>
http://news.iu.edu/stories/2018/02/iub/releases/27-center-for-underwater-science-expanding-its-partnership-with-noaa.html
			</link>
			<pubDate>Tue, 27 Feb 2018 00:00:00 EST</pubDate>
			<description>
				<![CDATA[
The agreement aims to enhance the entities' collaboration on underwater and maritime archaeology, heritage management and public outreach.
]]>
			</description>
			<image>
https://www.iu.edu/~images/dams/168x168/veuobldrst.jpg
			</image>
			<media:credit role="publishing company">Indiana University</media:credit>
		</item>
		<item>
			<title>
				<![CDATA[
Teacher at Marjory Stoneman Douglas High School: Teaching 'more important now than ever'
]]>
			</title>
			<link>
http://news.iu.edu/stories/2018/02/iub/inside/27-teacher-at-marjory-stoneman-douglas.html
			</link>
			<pubDate>Tue, 27 Feb 2018 00:00:00 EST</pubDate>
			<description>
				<![CDATA[
After surviving a school shooting, IU alum Katherine Posada said the experience reaffirmed her belief in the importance of her profession.
]]>
			</description>
			<image>
https://www.iu.edu/~images/dams/168x168/2cxrls67lp.jpg
			</image>
			<media:credit role="publishing company">Indiana University</media:credit>
		</item>
		<item>
			<title>
				<![CDATA[
Honors College feasts on leadership in Emerging Leaders program
]]>
			</title>
			<link>
http://news.iu.edu/stories/2018/02/iupui/27-honors-college-emerging-leaders.html
			</link>
			<pubDate>Tue, 27 Feb 2018 00:00:00 EST</pubDate>
			<description>
				<![CDATA[
IUPUI Honors College students dive deeper into leadership by understanding their own skills and how to be more attractive to employers.
]]>
			</description>
			<image>
https://www.iu.edu/~images/dams/168x168/8eoitbgqjk.jpg
			</image>
			<media:credit role="publishing company">Indiana University</media:credit>
		</item>
		<item>
			<title>
				<![CDATA[
B-Start program to host Demo Day, award prizes to entrepreneurs on March 6
]]>
			</title>
			<link>
http://news.iu.edu/stories/2018/02/iub/releases/27-b-start-program-to-host-demo-day.html
			</link>
			<pubDate>Tue, 27 Feb 2018 00:00:00 EST</pubDate>
			<description>
				<![CDATA[
The three top-scoring presentations at B-Start's Demo Day will earn $4,500 each for Bloomington-area entrepreneurial teams.
]]>
			</description>
			<image>
https://www.iu.edu/~images/dams/168x168/vc6okisoiu.jpg
			</image>
			<media:credit role="publishing company">Indiana University</media:credit>
		</item>
		<item>
			<title>
				<![CDATA[
IU research suggests failed osteoarthritis drug could get new life as opioid-addiction treatment
]]>
			</title>
			<link>
http://news.iu.edu/stories/2018/02/iub/releases/27-osteoarthritis-drug-could-get-new-life-as-opioid-addiction-treatment.html
			</link>
			<pubDate>Tue, 27 Feb 2018 00:00:00 EST</pubDate>
			<description>
				<![CDATA[
An IU study suggests a compound proven safe for use in people could help reduce pain and prevent symptoms that can lead to opioid addiction.
]]>
			</description>
			<image>
https://www.iu.edu/~images/dams/168x168/hinvghaju8.jpg
			</image>
			<media:credit role="publishing company">Indiana University</media:credit>
		</item>
		<item>
			<title>
				<![CDATA[ Around IU Bloomington ]]>
			</title>
			<link>
http://news.iu.edu/stories/2018/02/iub/inside/27-news-roundup.html
			</link>
			<pubDate>Tue, 27 Feb 2018 00:00:00 EST</pubDate>
			<description>
				<![CDATA[
Emerging Areas of Research awards, details on the State of the Campus address, sustainability grants and more.
]]>
			</description>
			<image>
https://www.iu.edu/~images/dams/168x168/7zylt4igdi.jpg
			</image>
			<media:credit role="publishing company">Indiana University</media:credit>
		</item>
		<item>
			<title>
				<![CDATA[
African American Arts Institute ensembles perform in community
]]>
			</title>
			<link>
http://news.iu.edu/stories/2018/02/iub/inside/27-AAAI-performs-in-community.html
			</link>
			<pubDate>Tue, 27 Feb 2018 00:00:00 EST</pubDate>
			<description>
				<![CDATA[
See photos from performances put on by dance and music groups at locations throughout Bloomington in honor of Black History Month.
]]>
			</description>
			<image>
https://www.iu.edu/~images/dams/168x168/nl6hnzpjmk.jpg
			</image>
			<media:credit role="publishing company">Indiana University</media:credit>
		</item>
		<item>
			<title>
				<![CDATA[
IU law fellow showcases culinary skills on 'MasterChef Latino'
]]>
			</title>
			<link>
http://news.iu.edu/stories/2018/02/iub/inside/26-law-fellow-showcases-culinary-skills-on-masterchef-latino.html
			</link>
			<pubDate>Mon, 26 Feb 2018 00:00:00 EST</pubDate>
			<description>
				<![CDATA[
IU law fellow and alumnus Mario Arango recently traveled to Miami to compete on the first season of the Telemundo show.
]]>
			</description>
			<image>
https://www.iu.edu/~images/dams/168x168/ja3bwkm2si.jpg
			</image>
			<media:credit role="publishing company">Indiana University</media:credit>
		</item>
		<item>
			<title>
				<![CDATA[
IUPUI to host annual JagStart competition Friday, March 2
]]>
			</title>
			<link>
http://news.iu.edu/stories/2018/02/iupui/releases/26-jagstart-student-pitch-competition.html
			</link>
			<pubDate>Mon, 26 Feb 2018 00:00:00 EST</pubDate>
			<description>
				<![CDATA[
Students will have three minutes to pitch their ideas for new products or ventures, both commercial and nonprofit, and then face questions.
]]>
			</description>
			<image>
https://www.iu.edu/~images/dams/168x168/iwylzsviof.jpg
			</image>
			<media:credit role="publishing company">Indiana University</media:credit>
		</item>
		<item>
			<title>
				<![CDATA[
IU officials, Indiana FSSA secretary to address opioid management at inaugural event in D.C.
]]>
			</title>
			<link>
http://news.iu.edu/stories/2018/02/iu/releases/26-officials-indiana-fssa-secretary-to-address-opioid-management.html
			</link>
			<pubDate>Mon, 26 Feb 2018 00:00:00 EST</pubDate>
			<description>
				<![CDATA[
IU School of Medicine professor Jennifer Walthall will offer keynote remarks at the event.
]]>
			</description>
			<image>
https://www.iu.edu/~images/dams/168x168/ywn9s7ltuy.jpg
			</image>
			<media:credit role="publishing company">Indiana University</media:credit>
		</item>
		<item>
			<title>
				<![CDATA[
IU alum and 'Cinderella' performer returns to campus at IU Auditorium
]]>
			</title>
			<link>
http://news.iu.edu/stories/2018/02/iub/inside/26-cinderella-performer-returns-to-campus.html
			</link>
			<pubDate>Mon, 26 Feb 2018 00:00:00 EST</pubDate>
			<description>
				<![CDATA[
IU alum Kaitlyn Mayse returns to campus this week to perform in the national tour of Rodgers + Hammerstein’s ‘Cinderella’ at IU Auditorium.
]]>
			</description>
			<image>
https://www.iu.edu/~images/dams/168x168/jfwzrnszeh.jpg
			</image>
			<media:credit role="publishing company">Indiana University</media:credit>
		</item>
		<item>
			<title>
				<![CDATA[
IU Distinguished Faculty Research Lecture focuses on warming of Arctic climate
]]>
			</title>
			<link>
http://news.iu.edu/stories/2018/02/iub/releases/26-distinguished-faculty-research-lecture.html
			</link>
			<pubDate>Mon, 26 Feb 2018 00:00:00 EST</pubDate>
			<description>
				<![CDATA[
Jeffrey White will talk about his research and findings from his work on the Arctic tundra in the Distinguished Faculty Research Lecture.
]]>
			</description>
			<image>
https://www.iu.edu/~images/dams/168x168/fb6iyir5h8.jpg
			</image>
			<media:credit role="publishing company">Indiana University</media:credit>
		</item>
		<item>
			<title>
				<![CDATA[
Glenn A. Black Laboratory of Archaeology salvaging endangered data
]]>
			</title>
			<link>
http://news.iu.edu/stories/2018/02/iub/inside/23-glenn-a-black-laboratory-of-archeology.html
			</link>
			<pubDate>Fri, 23 Feb 2018 00:00:00 EST</pubDate>
			<description>
				<![CDATA[
IU's Glenn A. Black Laboratory of Archaeology is salvaging research from obsolete formats in its collection to digitize for accessibility.
]]>
			</description>
			<image>
https://www.iu.edu/~images/dams/168x168/0n96dda3tk.jpg
			</image>
			<media:credit role="publishing company">Indiana University</media:credit>
		</item>
		<item>
			<title>
				<![CDATA[
IU creates $15 million Philanthropic Venture Fund to develop innovations, businesses
]]>
			</title>
			<link>
http://news.iu.edu/stories/2018/02/iu/releases/23-15-million-philanthropic-venture-fund.html
			</link>
			<pubDate>Fri, 23 Feb 2018 00:00:00 EST</pubDate>
			<description>
				<![CDATA[
The IU Philanthropic Venture Fund has been created to develop inventions and companies resulting from IU research.
]]>
			</description>
			<image>
https://www.iu.edu/~images/dams/168x168/wwdfki29g1.jpg
			</image>
			<media:credit role="publishing company">Indiana University</media:credit>
		</item>
		<item>
			<title>
				<![CDATA[
Kristi Palmer appointed interim dean of IUPUI University Library
]]>
			</title>
			<link>
http://news.iu.edu/stories/2018/02/iupui/releases/23-palmer-interim-dean-iupui-university-library.html
			</link>
			<pubDate>Fri, 23 Feb 2018 00:00:00 EST</pubDate>
			<description>
				<![CDATA[
The associate librarian and associate dean for digital scholarship replaces David Lewis, who will retire effective May 18.
]]>
			</description>
			<image>
https://www.iu.edu/~images/dams/168x168/pbzs4ec3zs.jpg
			</image>
			<media:credit role="publishing company">Indiana University</media:credit>
		</item>
		<item>
			<title>
				<![CDATA[
Indiana University named top producer for Fulbright U.S. Student and Fulbright Scholars programs
]]>
			</title>
			<link>
http://news.iu.edu/stories/2018/02/iub/releases/23-top-producer-for-fulbright-student-and-scholars-programs.html
			</link>
			<pubDate>Fri, 23 Feb 2018 00:00:00 EST</pubDate>
			<description>
				<![CDATA[
IU is one of 16 U.S. institutions to be a named a top producer for both the Fulbright U.S. Student Program and Fulbright Scholars Program.
]]>
			</description>
			<image>
https://www.iu.edu/~images/dams/168x168/fptduxgu5d.jpg
			</image>
			<media:credit role="publishing company">Indiana University</media:credit>
		</item>
		<item>
			<title>
				<![CDATA[
Beetroot juice supplements may help improve quality of life for certain heart failure patients
]]>
			</title>
			<link>
http://news.iu.edu/stories/2018/02/iupui/releases/22-beetroot-supplements-improve-quality-of-life-for-heart-failure-patients.html
			</link>
			<pubDate>Thu, 22 Feb 2018 00:00:00 EST</pubDate>
			<description>
				<![CDATA[
An IUPUI study shows beetroot juice may enhance exercise capacity in certain heart failure patients, a key factor in quality of life.
]]>
			</description>
			<image>
https://www.iu.edu/~images/dams/168x168/29hi5i2jn1.jpg
			</image>
			<media:credit role="publishing company">Indiana University</media:credit>
		</item>
		<item>
			<title>
				<![CDATA[
Indiana University staff, faculty and alumni again claim big presence in IBJ 'Forty Under 40' list
]]>
			</title>
			<link>
http://news.iu.edu/stories/2018/02/iu/22-big-presence-in-ibj-forty-under-40-list.html
			</link>
			<pubDate>Thu, 22 Feb 2018 00:00:00 EST</pubDate>
			<description>
				<![CDATA[
Twenty-two of the 40 are related to IU as faculty, staff, alumni or, in one case, a current student.
]]>
			</description>
			<image>
https://www.iu.edu/~images/dams/168x168/9omq6pmyuf.jpg
			</image>
			<media:credit role="publishing company">Indiana University</media:credit>
		</item>
	</channel>
</rss>